{
  "user_kmeans": {
    "algorithm": "K-means",
    "n_clusters": 2,
    "silhouette": 0.6368323979332094,
    "calinski_harabasz": 166103.09988266756,
    "davies_bouldin": 0.9693943774684706
  },
  "user_dbscan": {
    "algorithm": "DBSCAN",
    "n_clusters": 4,
    "n_noise": 15,
    "noise_percentage": 0.03,
    "silhouette": 0.998
  },
  "product_kmeans": {
    "algorithm": "K-means",
    "n_clusters": 3,
    "silhouette": 0.05104042962193489,
    "calinski_harabasz": 96.57331848144531,
    "davies_bouldin": 4.347635333497574
  },
  "product_hierarchical": {
    "algorithm": "Hierarchical",
    "linkage": "ward",
    "n_clusters": 5,
    "silhouette": 0.3814952369521924,
    "calinski_harabasz": 761.9442905088015
  }
}