query,avg_ms,min_ms,max_ms,description
Q1: Product Info,0.4062999738380313,0.3336999798193574,0.5305999657139182,Document lookup by _id
Q2: Recent Reviews,0.582999992184341,0.41370000690221786,0.8144000312313437,Compound index scan
Q3: Keyword Search,1.9815599778667092,1.4660999877378345,2.685299958102405,Full-text search (text index)
Q4: User History,2.9280199902132154,0.7396000437438488,11.38159993570298,Aggregation with $lookup
Q5: Product Stats,1.7344400053843856,1.4025999698787928,2.3409000132232904,Aggregation pipeline
