query,avg_ms,min_ms,max_ms,description
Q1: Product Info,3.3940399764105678,2.754199900664389,4.655199940316379,Node lookup by index
Q2: Recent Reviews,4.553959984332323,3.411300014704466,5.52350003272295,Relationship traversal + sort
Q3: Keyword Search,25.13453997671604,11.775799910537899,71.81240001227707,String contains scan
Q4: User History,22.26687998045236,3.1714000506326556,97.38289995584637,Relationship traversal
Q5: Product Stats,55.07942000404,2.9045999981462955,258.30800004769117,Aggregation with pattern
