query,avg_ms,min_ms,max_ms,description
Q1: Product Info,56.26717999111861,55.473500047810376,57.14819999411702,Primary key lookup
Q2: Recent Reviews,105.97869998309761,104.73699995782226,108.23710006661713,Index scan + sort
Q3: Keyword Search,78.71218002401292,68.67980002425611,90.17770003993064,Full-text search (GIN index)
Q4: User History,106.28866001497954,104.35069992672652,109.55699998885393,Index scan + join
Q5: Product Stats,106.66258002165705,102.63790003955364,110.77979998663068,Aggregation with index
