{
  "cluster_0": {
    "size": 580282,
    "avg_rating": 3.948541070724996,
    "rating_std": 1.5058407057816192,
    "total_reviews": 624362,
    "verified_purchase_pct": 99.84896582431347,
    "top_categories": {}
  },
  "cluster_1": {
    "size": 51704,
    "avg_rating": 4.071226212619831,
    "rating_std": 1.3783028108222293,
    "total_reviews": 69890,
    "verified_purchase_pct": 7.207039633710116,
    "top_categories": {}
  }
}